{
  "league": "The Liberties Invitational",
  "generated": "2026-01-01T01:16:42.470558+00:00",
  "my_team": "465.l.33140.t.13",
  "trade_analysis": {
    "weak_categories": [
      "A",
      "PPP",
      "FW"
    ],
    "strong_categories": [],
    "my_totals": {
      "G": 147.0,
      "A": 199.0,
      "PPP": 95.0,
      "SOG": 1173.0,
      "FW": 995.0,
      "HIT": 576.0,
      "BLK": 455.0
    },
    "league_averages": {
      "G": 152.21428571428572,
      "A": 245.5,
      "PPP": 112.78571428571429,
      "SOG": 1187.7142857142858,
      "FW": 1161.357142857143,
      "HIT": 536.9285714285714,
      "BLK": 453.07142857142856
    },
    "recommended_targets": [],
    "safe_trade_bait": []
  }
}